net,length_um
clknet_0_clk,857.3µm
net72,503.81µm
net91,491.015µm
net56,490.295µm
net82,488.79µm
core.u_regfile.registers\[1\]\[10\],471.76µm
net67,454.78µm
net34,445.36µm
core.u_regfile.registers\[1\]\[12\],441.325µm
net160,422.74µm
net195,412.21µm
net61,411.2µm
net255,402µm
net194,386.265µm
net189,362.94µm
net142,361.43µm
net46,359.74µm
net254,357.16µm
_2609_,356.68µm
net205,356.66µm
net198,356.33µm
net168,356.05µm
net105,352.03µm
net135,349.51µm
core.u_regfile.registers\[1\]\[9\],349.48µm
net193,345.82µm
net64,344.17µm
net279,342.99µm
net89,341µm
core.u_regfile.registers\[2\]\[3\],340.02µm
net163,337.73µm
net237,331.62µm
net196,331.26µm
net52,322.26µm
net36,321.03µm
_0322_,320µm
core.u_regfile.registers\[1\]\[8\],319.82µm
net48,319.34µm
net192,318.22µm
net55,317.315µm
net164,315.64µm
core.u_regfile.registers\[1\]\[11\],312.22µm
core.u_regfile.registers\[2\]\[11\],311.78µm
net186,308.22µm
clk,305.15µm
net171,297.46µm
net57,290.76µm
net139,284.94µm
net202,283.19µm
_2356_,281.76µm
net248,281.67µm
net126,280.405µm
net53,279µm
net122,277.34µm
net129,276.19µm
net101,274.605µm
net157,273.295µm
core.u_regfile.registers\[2\]\[16\],271.55µm
net154,271.34µm
_2074_,269.46µm
net69,268.66µm
_2271_,263.45µm
core.u_regfile.registers\[1\]\[4\],261.78µm
core.u_regfile.registers\[1\]\[14\],261.48µm
net77,261.42µm
net76,260.15µm
net80,259.82µm
net201,258.92µm
net159,257.785µm
core.u_regfile.registers\[1\]\[6\],252.805µm
net188,249.66µm
net166,248.895µm
net203,248µm
core.u_regfile.registers\[1\]\[7\],247.52µm
net184,245.5µm
net54,244.38µm
net104,243.97µm
net124,243.77µm
net161,242.34µm
_3045_,241.45µm
net100,240.745µm
net63,239.79µm
_2362_,238.15µm
net88,238.01µm
net165,236.175µm
clknet_4_6_0_clk,235.92µm
net102,234.98µm
net238,233.51µm
_2553_,233.16µm
net253,232.88µm
net191,232.325µm
net183,231.41µm
core.u_regfile.registers\[2\]\[4\],227.88µm
core.u_regfile.registers\[2\]\[15\],227.54µm
net51,226.22µm
net132,225.98µm
net44,225.78µm
net150,225.38µm
net158,225.16µm
_2403_,225.05µm
net70,223.78µm
net281,223.715µm
net45,219.28µm
net95,218.02µm
_2811_,217.82µm
net103,217µm
core.u_regfile.registers\[2\]\[0\],216.96µm
net384,216.74µm
net130,216.14µm
net62,214.08µm
_2744_,211.4µm
net90,211.36µm
net47,210.72µm
net214,207.74µm
net59,207.4µm
net50,206.83µm
net127,206.19µm
_2363_,205.09µm
_0429_,204.78µm
net134,203.2µm
net58,201.585µm
net180,196.365µm
core.u_regfile.registers\[2\]\[12\],195.305µm
core.u_regfile.registers\[1\]\[0\],195.15µm
_0133_,193.55µm
core.u_regfile.registers\[1\]\[13\],193.01µm
net60,192.84µm
net175,192.01µm
net153,191.4µm
core.u_regfile.registers\[2\]\[8\],191.27µm
clknet_4_7_0_clk,190.8µm
net65,189.04µm
net222,188.08µm
net179,186.68µm
net93,184.13µm
net125,183.68µm
net231,183.56µm
net78,183.44µm
net75,183.07µm
net145,182.7µm
net138,181.96µm
net120,181.5µm
core.u_regfile.registers\[1\]\[2\],180.695µm
core.u_regfile.registers\[2\]\[17\],178.98µm
net243,177.44µm
net140,174.745µm
net71,173.96µm
net96,173.615µm
core.u_regfile.registers\[2\]\[23\],172.95µm
_0656_,172.94µm
clknet_4_4_0_clk,172.24µm
_0541_,171.82µm
_2008_,171.16µm
core.u_regfile.registers\[1\]\[16\],170.57µm
net220,169.28µm
net155,169.14µm
_2250_,168.98µm
net37,168.91µm
net151,167.32µm
net148,166.98µm
net244,166µm
net42,164.685µm
net204,163.83µm
net136,163.55µm
net190,163.24µm
_0774_,162.66µm
net167,162.48µm
net141,160.97µm
net149,160.66µm
net169,159.62µm
net81,159.61µm
net178,158.49µm
net119,157.69µm
net83,157.62µm
net170,154.44µm
net146,154.04µm
net49,153.46µm
net43,153.295µm
net94,153.135µm
net137,151.91µm
net66,151.78µm
core.u_regfile.registers\[1\]\[3\],151.37µm
net162,149.61µm
net182,149.38µm
clknet_4_5_0_clk,149.35µm
net84,148.4µm
net172,148.1µm
net200,145.29µm
net217,141.85µm
net246,139.87µm
net133,139.84µm
net236,139.08µm
_0226_,138.28µm
_2747_,137.74µm
net213,137.51µm
net234,137.28µm
net252,133.57µm
net117,132.84µm
net98,132.8µm
core.inst_addr_out\[2\],132.78µm
net68,132.42µm
net152,132.36µm
net174,132.33µm
core.u_regfile.registers\[1\]\[25\],131.56µm
_2122_,131.46µm
clknet_4_10_0_clk,131.4µm
core.u_regfile.registers\[1\]\[5\],130.12µm
net108,129.7µm
net177,128.8µm
net131,128.54µm
core.u_regfile.registers\[1\]\[23\],127.92µm
core.u_regfile.registers\[2\]\[25\],127.6µm
clknet_4_0_0_clk,127.07µm
net235,125.88µm
net110,125.58µm
clknet_4_2_0_clk,125.42µm
net109,125.36µm
clknet_4_3_0_clk,125.22µm
net176,124.1µm
net123,123.6µm
net249,123.46µm
net38,123.36µm
_2028_,122.3µm
_1043_,121.88µm
_1751_,121.38µm
net92,121.19µm
net321,119.78µm
net199,119.765µm
net209,119.74µm
clknet_4_13_0_clk,118.69µm
net228,118.64µm
net181,118.37µm
net239,118.14µm
net41,117.69µm
net206,116.52µm
net232,115.47µm
clknet_4_1_0_clk,115.4µm
_1259_,114.8µm
net144,114.4µm
net233,113.76µm
_2608_,113.7µm
net106,113.21µm
net221,112.235µm
net197,111.22µm
_2224_,110.4µm
_1006_,110.06µm
net282,108.78µm
net73,108.63µm
net87,108.475µm
_0972_,108.15µm
net215,105.82µm
clknet_4_15_0_clk,104.89µm
_1850_,103.84µm
net143,103.8µm
_0907_,102.34µm
clknet_4_12_0_clk,102.28µm
_2093_,101.74µm
_1927_,101.54µm
net121,100.74µm
net115,100.71µm
core.u_regfile.registers\[2\]\[27\],100.42µm
core.u_regfile.registers\[2\]\[19\],100.28µm
_1719_,99.06µm
_1892_,98.96µm
_1990_,98.82µm
_1904_,98.42µm
net156,98.31µm
net97,97.93µm
net107,97.36µm
net250,96.79µm
_1580_,96.55µm
net247,96.14µm
_0946_,96.1µm
net35,96.06µm
net229,95.99µm
_2307_,95.62µm
_1889_,94.2µm
_1392_,94.1µm
_2075_,93.14µm
_1648_,93.02µm
net128,92.59µm
_1883_,92.4µm
_1737_,92.36µm
_2079_,92.2µm
_0873_,91.74µm
net116,91.54µm
core.u_regfile.registers\[1\]\[27\],91.23µm
_2885_,90.96µm
_2175_,90.8µm
_2174_,90.76µm
net241,90.61µm
_1736_,90.12µm
net118,89.84µm
core.u_regfile.registers\[2\]\[9\],89.68µm
_1991_,89.14µm
_1484_,88.52µm
core.u_regfile.registers\[2\]\[24\],88.38µm
net226,87.36µm
net216,87.34µm
_2542_,86.905µm
clknet_4_8_0_clk,86.84µm
net39,86.4µm
_2597_,86.33µm
_2300_,86.3µm
net147,85.74µm
_0513_,85.68µm
net85,85.66µm
net219,85.6µm
net40,85.51µm
net79,85.4µm
net211,84.94µm
_0359_,84.9µm
_0629_,84.86µm
_1187_,84.5µm
_1157_,83.98µm
_2120_,83.76µm
_0628_,83.7µm
net227,83.59µm
net210,83.14µm
_0509_,82.91µm
_1256_,82.66µm
clknet_4_14_0_clk,82.62µm
_1261_,82.225µm
_1891_,82.22µm
_1750_,82.16µm
_2092_,81.54µm
net112,81.48µm
net111,81.45µm
core.u_regfile.registers\[2\]\[22\],81.36µm
net113,81.34µm
_2958_,81.035µm
net114,80.88µm
clknet_4_9_0_clk,80.7µm
_0415_,80.66µm
_1639_,80.56µm
_1471_,80.54µm
core.u_regfile.registers\[1\]\[1\],80.44µm
core.u_regfile.registers\[1\]\[26\],80.44µm
_1813_,80.42µm
_1156_,80.2µm
_1148_,80.1µm
net225,79.74µm
net74,79.48µm
_2257_,79.24µm
_0512_,78.72µm
_0743_,78.58µm
core.u_regfile.registers\[1\]\[28\],78.42µm
_2951_,78.335µm
_1510_,78.28µm
_3012_,78.26µm
_2465_,78.22µm
net207,77.76µm
_0742_,77.68µm
_2561_,77.04µm
_1124_,76.5µm
_1146_,76.06µm
_1297_,75.92µm
_1418_,75.7µm
_0814_,75.34µm
_0871_,75.1µm
_1336_,74.55µm
_2207_,74.38µm
_2852_,74.2µm
_0872_,74.06µm
_2295_,72.84µm
_2803_,72.815µm
_2002_,72.8µm
net223,72.54µm
_1010_,72.42µm
_1489_,72.36µm
_1325_,72.33µm
_1932_,71.68µm
_1378_,71.62µm
_2927_,71.58µm
_1249_,71.42µm
_1954_,70.98µm
net185,70.88µm
_1548_,70.8µm
net212,70.02µm
clknet_4_11_0_clk,69.9µm
net240,69.88µm
net224,69.85µm
_2484_,69.54µm
_2627_,69.28µm
_2876_,68.68µm
_1391_,68.54µm
_1315_,68.26µm
_0969_,67.92µm
_1720_,67.9µm
_1493_,67.7µm
_2718_,67.5µm
_2133_,67.28µm
_1150_,67.06µm
_0167_,66.84µm
_2284_,66.66µm
_2068_,66.025µm
_1262_,65.94µm
_2369_,65.9µm
net173,64.92µm
_1402_,64.72µm
net187,64.66µm
_0746_,64.56µm
_1509_,64.39µm
_1565_,63.88µm
_1115_,63.68µm
_0261_,63.675µm
_1773_,63.62µm
_1986_,62.94µm
net245,62.2µm
_0401_,62.14µm
_2208_,62.04µm
core.u_regfile.registers\[1\]\[21\],62.02µm
_0831_,61.92µm
core.u_regfile.registers\[1\]\[29\],61.9µm
_1299_,61.46µm
net242,61.39µm
net24,60.9µm
core.inst_addr_out\[27\],60.89µm
core.u_regfile.registers\[2\]\[1\],60.82µm
_0626_,60.38µm
_1421_,60.32µm
_1377_,60.22µm
_0959_,59.88µm
_0294_,59.24µm
_1631_,58.92µm
_0745_,58.46µm
net99,58.36µm
_1404_,58.32µm
core.u_regfile.registers\[2\]\[28\],57.94µm
core.u_regfile.registers\[2\]\[26\],57.89µm
_1313_,57.8µm
_1531_,57.36µm
net230,57.27µm
_0965_,57.185µm
_0625_,57.06µm
_1239_,56.82µm
core.u_regfile.registers\[1\]\[17\],56.62µm
_2956_,56.56µm
_1227_,56.32µm
_0474_,56.16µm
_1699_,56.06µm
_2256_,56.02µm
_1121_,56µm
_2311_,55.84µm
_1542_,55.56µm
net13,55.22µm
_0103_,54.68µm
_1419_,54.56µm
_1158_,54.54µm
_0398_,54.52µm
_2679_,54.52µm
_2895_,54.38µm
_0316_,54.2µm
_1098_,53.92µm
_2177_,53.76µm
_0645_,53.22µm
core.inst_addr_out\[28\],52.76µm
_1035_,51.92µm
_1939_,51.82µm
_1628_,51.8µm
_1242_,51.78µm
_2670_,51.76µm
core.dsp_result_in\[27\],51.38µm
_1690_,50.88µm
_2385_,50.18µm
_1169_,49.64µm
_1431_,49.4µm
_2518_,49.35µm
_2949_,49.15µm
net27,49.14µm
_3001_,48.96µm
_1673_,48.5µm
_2947_,48.34µm
_1084_,48.12µm
_0879_,47.82µm
_2118_,47.76µm
_0921_,47.72µm
core.u_regfile.registers\[1\]\[22\],47.7µm
_0767_,47.56µm
_2554_,47.46µm
_0153_,47.36µm
_1232_,46.98µm
_3007_,46.89µm
_1020_,46.68µm
_2672_,46.665µm
core.inst_addr_out\[31\],46.5µm
_0201_,46.4µm
_0994_,46.28µm
_2420_,46µm
_0391_,45.86µm
_1985_,45.66µm
_1233_,45.62µm
_2364_,45.58µm
_0292_,45.38µm
_1303_,45.38µm
core.inst_addr_out\[26\],45.12µm
core.dsp_result_in\[26\],44.94µm
_2506_,44.92µm
net86,44.9µm
_2373_,44.68µm
net208,44.61µm
_0146_,44.58µm
_1973_,44.36µm
_3029_,44.28µm
_0802_,44.26µm
net218,44.24µm
_0760_,44.14µm
_2338_,44.1µm
_0284_,44.02µm
_2756_,44.02µm
_2996_,44.02µm
_2387_,43.92µm
core.inst_addr_out\[30\],43.78µm
_0787_,43.46µm
_0096_,43.34µm
core.u_regfile.registers\[2\]\[29\],43.18µm
_1723_,43.08µm
_0775_,42.96µm
_0990_,42.9µm
_0218_,42.76µm
_0252_,42.76µm
_0471_,42.72µm
_1426_,42.52µm
_0365_,42.42µm
_1268_,42.19µm
_2466_,42.14µm
_2598_,42.1µm
_2562_,42.01µm
_2380_,41.98µm
_0586_,41.88µm
_2378_,41.88µm
net251,41.22µm
core.inst_addr_out\[29\],41.02µm
_0744_,40.8µm
_0649_,40.785µm
_2643_,40.78µm
_2236_,40.54µm
_2156_,40.43µm
_1526_,40.38µm
_2690_,40.36µm
_2097_,40.16µm
_1705_,39.94µm
_0124_,39.88µm
_2309_,39.86µm
_2342_,39.74µm
_2228_,39.66µm
_1300_,39.64µm
_2191_,39.54µm
_2822_,39.34µm
_1438_,39.28µm
_2926_,39.26µm
_0624_,39.2µm
_2282_,39.04µm
_0335_,39.02µm
_1057_,38.7µm
_1352_,38.7µm
_2879_,38.66µm
_0072_,38.56µm
_2421_,38.56µm
_2628_,38.56µm
_2973_,38.52µm
_0126_,38.46µm
_2401_,38.38µm
core.u_regfile.registers\[1\]\[18\],38.32µm
_2520_,38.21µm
_1809_,38.02µm
_1460_,37.685µm
core.inst_addr_out\[21\],37.49µm
_1099_,37.44µm
_2832_,37.42µm
_0344_,37.1µm
core.inst_addr_out\[24\],37.1µm
_0630_,37.08µm
_2781_,37.04µm
net359,36.9µm
_0694_,36.78µm
_2050_,36.68µm
_0387_,36.66µm
_0750_,36.62µm
_0826_,36.56µm
_1657_,36.49µm
_2067_,36.44µm
_2298_,36.22µm
_1541_,36.1µm
_2514_,36µm
_2954_,36µm
_2019_,35.74µm
_2184_,35.72µm
_3037_,35.72µm
_0768_,35.645µm
_0309_,35.6µm
_1880_,35.5µm
_3005_,35.485µm
_2736_,35.435µm
_1511_,35.22µm
_2254_,35.18µm
_1198_,35.08µm
_0511_,35.04µm
_0961_,34.98µm
_2548_,34.94µm
_2663_,34.16µm
_1968_,34.02µm
_2793_,34.02µm
core.u_regfile.registers\[1\]\[30\],33.94µm
_1755_,33.86µm
net18,33.84µm
_2685_,33.78µm
_2515_,33.66µm
_2524_,33.6µm
_1615_,33.46µm
_2210_,33.34µm
_1949_,33.26µm
_0215_,33.14µm
_1674_,33.04µm
_2513_,32.9µm
_1782_,32.8µm
_1801_,32.72µm
_2185_,32.62µm
_1761_,32.6µm
_2452_,32.52µm
_2458_,32.505µm
_2945_,32.46µm
_2639_,32.42µm
_0964_,32.395µm
_2607_,32.32µm
_0351_,32.285µm
_2406_,32.16µm
_1978_,32.12µm
_0222_,32.04µm
_1318_,32.04µm
_2778_,32µm
dsp.u_mac.acc_reg\[29\],32µm
net19,32µm
_0121_,31.88µm
_0996_,31.88µm
_3006_,31.84µm
_1032_,31.8µm
_1878_,31.685µm
_1650_,31.46µm
_1595_,31.4µm
_2447_,31.36µm
_1202_,31.26µm
_2868_,31.24µm
_2371_,31.23µm
core.dsp_result_in\[30\],31.16µm
_1480_,31.1µm
_1884_,31.06µm
_1155_,30.905µm
_0267_,30.58µm
_0366_,30.52µm
core.u_regfile.registers\[2\]\[30\],30.52µm
_2883_,30.48µm
_0829_,30.36µm
_2601_,30.36µm
_0117_,30.34µm
_0286_,30.3µm
_2000_,30.24µm
_0400_,30.2µm
_1357_,30.12µm
_2972_,30.1µm
_0219_,30.08µm
_1584_,30.08µm
_0164_,29.92µm
_1350_,29.82µm
_1910_,29.72µm
_2375_,29.66µm
_2540_,29.6µm
core.dsp_result_in\[28\],29.58µm
_0183_,29.44µm
_2581_,29.44µm
_1627_,29.36µm
_0119_,29.3µm
_1585_,29.28µm
_0313_,29.24µm
_1746_,29.06µm
_0797_,28.86µm
_0194_,28.74µm
_2055_,28.695µm
_1450_,28.62µm
_2332_,28.6µm
_0503_,28.56µm
_2152_,28.56µm
_0585_,28.52µm
_1031_,28.5µm
_2968_,28.48µm
_2620_,28.46µm
_1916_,28.36µm
_0247_,28.32µm
_0317_,28.265µm
_0423_,28.2µm
_0495_,28.18µm
_0534_,28.18µm
_2546_,28.14µm
_3040_,28.06µm
_1711_,28.02µm
_0506_,28µm
_2649_,28µm
_1210_,27.88µm
_2128_,27.78µm
_2368_,27.78µm
_0939_,27.7µm
_3010_,27.68µm
_1022_,27.66µm
_0592_,27.64µm
_1623_,27.64µm
_1679_,27.58µm
net283,27.565µm
_2046_,27.48µm
_2261_,27.48µm
_1478_,27.42µm
_0450_,27.38µm
_0289_,27.36µm
_2451_,27.28µm
_2691_,27.28µm
_1984_,27.26µm
_0555_,27.18µm
core.dsp_result_in\[24\],27.14µm
_2061_,27.02µm
_1370_,27.01µm
_1972_,26.94µm
_1860_,26.9µm
_0192_,26.86µm
core.dsp_result_in\[3\],26.86µm
_0419_,26.81µm
_2820_,26.785µm
_2582_,26.78µm
core.dsp_result_in\[31\],26.78µm
_1491_,26.76µm
_2162_,26.68µm
_0963_,26.64µm
_0811_,26.6µm
_2950_,26.545µm
_1643_,26.46µm
_2799_,26.46µm
_1348_,26.42µm
_2729_,26.38µm
_0277_,26.36µm
_1332_,26.345µm
_1067_,26.28µm
_1617_,26.2µm
_1021_,26.18µm
_0640_,26.14µm
_0460_,26.12µm
_2383_,26.06µm
_1552_,25.94µm
_1683_,25.84µm
_2161_,25.78µm
_1803_,25.72µm
_2432_,25.675µm
_2734_,25.64µm
_0220_,25.62µm
_3038_,25.62µm
_2648_,25.6µm
_1528_,25.56µm
_1587_,25.42µm
_1294_,25.38µm
_1731_,25.38µm
_2651_,25.38µm
_1293_,25.32µm
_0477_,25.28µm
core.dsp_result_in\[22\],25.26µm
_3033_,25.24µm
_2841_,25.22µm
_2007_,25.14µm
_2731_,25.08µm
_3027_,25.065µm
_0142_,24.98µm
_0417_,24.9µm
_2482_,24.86µm
_2999_,24.82µm
_2579_,24.8µm
_0535_,24.72µm
_3035_,24.64µm
_2392_,24.62µm
_0318_,24.52µm
_0424_,24.52µm
_2096_,24.42µm
_1800_,24.38µm
dsp.u_mac.acc_reg\[31\],24.34µm
_1353_,24.32µm
_0278_,24.3µm
_1586_,24.28µm
_1670_,24.28µm
_1993_,24.28µm
_0639_,24.24µm
core.u_regfile.registers\[1\]\[24\],24.24µm
_1512_,24.22µm
_2593_,24.22µm
_0174_,24.14µm
_1781_,24.14µm
_1449_,23.98µm
_1980_,23.98µm
_1406_,23.96µm
_1877_,23.82µm
_1946_,23.8µm
_0200_,23.77µm
_2163_,23.65µm
_2909_,23.64µm
core.u_regfile.registers\[1\]\[19\],23.6µm
_1722_,23.54µm
_2339_,23.46µm
_1277_,23.44µm
_0173_,23.42µm
_2659_,23.38µm
net20,23.22µm
_1395_,23.18µm
net21,23.16µm
_1172_,23.14µm
_1444_,23.14µm
_0314_,23.12µm
_2260_,23.06µm
_2440_,23.02µm
_2500_,22.84µm
_1346_,22.82µm
_2617_,22.8µm
core.dsp_result_in\[29\],22.8µm
_2390_,22.79µm
dsp.u_mac.acc_reg\[22\],22.78µm
_2881_,22.745µm
_0125_,22.66µm
_0895_,22.62µm
_1058_,22.58µm
_2348_,22.58µm
_1235_,22.56µm
_0356_,22.54µm
_1312_,22.52µm
core.inst_addr_out\[25\],22.5µm
_1694_,22.48µm
_2091_,22.46µm
_2774_,22.4µm
_0157_,22.385µm
_1518_,22.38µm
_2334_,22.38µm
_0490_,22.3µm
_0752_,22.29µm
_0377_,22.28µm
_0893_,22.26µm
_1423_,22.26µm
_2258_,22.24µm
_0669_,22.2µm
_0741_,22.11µm
_0420_,22.06µm
_2340_,22.04µm
net2,21.98µm
_1675_,21.92µm
_1975_,21.88µm
_1667_,21.8µm
_2366_,21.78µm
_2611_,21.78µm
_0960_,21.72µm
_0425_,21.7µm
_2629_,21.7µm
_0399_,21.66µm
_1653_,21.62µm
_2797_,21.62µm
_1529_,21.57µm
_0459_,21.54µm
_1616_,21.5µm
_1582_,21.46µm
_2921_,21.4µm
_0112_,21.36µm
_0268_,21.32µm
_1669_,21.26µm
_1475_,21.24µm
_2595_,21.2µm
core.dsp_result_in\[14\],21.12µm
core.u_regfile.registers\[2\]\[31\],21.12µm
_0532_,21.08µm
_1836_,21.08µm
_2538_,21.06µm
_1602_,21.04µm
core.dsp_result_in\[19\],21µm
core.dsp_result_in\[8\],21µm
net327,21µm
_1960_,20.96µm
_0270_,20.94µm
_2913_,20.88µm
_0176_,20.84µm
_0497_,20.84µm
_1349_,20.82µm
_1309_,20.785µm
_2351_,20.78µm
_1439_,20.72µm
_2824_,20.64µm
_0382_,20.615µm
_1872_,20.56µm
_2535_,20.54µm
core.dsp_result_in\[7\],20.5µm
_2062_,20.46µm
_0500_,20.4µm
core.dsp_result_in\[25\],20.38µm
_1759_,20.36µm
_1178_,20.34µm
_2668_,20.34µm
_1614_,20.32µm
_2469_,20.31µm
_0572_,20.26µm
dsp.u_mac.acc_reg\[23\],20.22µm
_1171_,20.14µm
_1555_,20.14µm
_1457_,20.12µm
core.dsp_result_in\[9\],20.12µm
_1026_,20.06µm
_1111_,20.06µm
_1118_,20.06µm
_0185_,20.04µm
_2001_,20.02µm
_1744_,20.005µm
_2445_,19.98µm
_2399_,19.96µm
_2504_,19.94µm
_2667_,19.925µm
_2674_,19.88µm
_1588_,19.86µm
_2930_,19.86µm
_1919_,19.82µm
_1164_,19.8µm
_1915_,19.8µm
_0421_,19.78µm
_1661_,19.78µm
_1818_,19.78µm
_2576_,19.78µm
_2301_,19.74µm
_2516_,19.74µm
_1108_,19.7µm
_1305_,19.7µm
_1715_,19.7µm
_2325_,19.66µm
_0714_,19.6µm
_2802_,19.59µm
_0926_,19.58µm
_0898_,19.54µm
_1025_,19.52µm
_2125_,19.52µm
_2539_,19.52µm
_2666_,19.52µm
_2139_,19.48µm
_0078_,19.46µm
_0531_,19.4µm
_0199_,19.36µm
_1003_,19.36µm
_1136_,19.36µm
_1174_,19.36µm
_2836_,19.32µm
_0984_,19.28µm
_1581_,19.28µm
_2985_,19.24µm
_0735_,19.22µm
_2095_,19.22µm
_2547_,19.2µm
_0395_,19.16µm
_2475_,19.14µm
_1063_,19.08µm
_2645_,19.06µm
_1846_,19.04µm
dsp.u_mac.acc_reg\[10\],18.92µm
_2735_,18.9µm
_2766_,18.89µm
net328,18.86µm
_1977_,18.82µm
_0528_,18.78µm
_1769_,18.74µm
_2819_,18.74µm
_1819_,18.72µm
core.inst_addr_out\[7\],18.68µm
_0536_,18.665µm
net322,18.6µm
_0263_,18.58µm
_1795_,18.58µm
dsp.u_mac.acc_reg\[25\],18.56µm
_0127_,18.52µm
core.inst_addr_out\[20\],18.52µm
core.inst_addr_out\[18\],18.5µm
_2784_,18.48µm
_1504_,18.36µm
_1073_,18.32µm
_2928_,18.32µm
_1160_,18.28µm
_0253_,18.26µm
_1327_,18.245µm
_2669_,18.22µm
_1048_,18.2µm
_1876_,18.2µm
core.inst_addr_out\[13\],18.2µm
_0892_,18.18µm
_1658_,18.14µm
_1101_,18.12µm
_2037_,18.11µm
_0285_,18.1µm
_2183_,18.08µm
_1527_,18.06µm
_1865_,18.04µm
core.inst_addr_out\[12\],18.04µm
_0621_,18.02µm
_0973_,18.02µm
_1847_,18µm
_2805_,18µm
_1488_,17.985µm
_2312_,17.98µm
_0951_,17.96µm
core.inst_addr_out\[17\],17.96µm
_1175_,17.94µm
_2544_,17.92µm
_2920_,17.88µm
_1863_,17.875µm
_2853_,17.86µm
_0264_,17.84µm
_1499_,17.84µm
_0331_,17.82µm
_2545_,17.8µm
_1107_,17.74µm
_2989_,17.74µm
_0920_,17.7µm
_2580_,17.7µm
_0786_,17.68µm
_1606_,17.68µm
_0957_,17.66µm
core.u_regfile.registers\[1\]\[31\],17.64µm
_0262_,17.635µm
_0214_,17.62µm
_1380_,17.62µm
_0932_,17.6µm
net1,17.52µm
_0646_,17.5µm
_0974_,17.5µm
_1607_,17.48µm
_1830_,17.48µm
_0380_,17.44µm
_0717_,17.44µm
_0747_,17.44µm
_0889_,17.44µm
_1538_,17.44µm
_0678_,17.4µm
_1000_,17.36µm
_2396_,17.36µm
_2713_,17.35µm
_0943_,17.34µm
_0864_,17.32µm
_1924_,17.32µm
core.inst_addr_out\[23\],17.32µm
_1537_,17.28µm
_1550_,17.26µm
_1206_,17.24µm
_2337_,17.22µm
_2596_,17.22µm
_1166_,17.18µm
_1829_,17.18µm
_2613_,17.18µm
_0685_,17.16µm
_1500_,17.16µm
_0827_,17.14µm
_1360_,17.12µm
_3059_,17.11µm
_2129_,17.1µm
_1811_,17.04µm
_1281_,17.02µm
_0668_,17µm
_2141_,16.985µm
_2394_,16.98µm
core.dsp_result_in\[23\],16.98µm
_2180_,16.97µm
_2610_,16.94µm
_0806_,16.92µm
_2039_,16.9µm
_2449_,16.9µm
_2848_,16.88µm
_0453_,16.82µm
_1201_,16.8µm
_0384_,16.78µm
_2782_,16.72µm
_0982_,16.7µm
_2290_,16.7µm
_0522_,16.585µm
_2330_,16.56µm
_0442_,16.54µm
_1486_,16.485µm
_1151_,16.48µm
_1143_,16.44µm
_2661_,16.44µm
_2875_,16.44µm
_1758_,16.4µm
_3008_,16.34µm
_0235_,16.24µm
_0992_,16.22µm
_2328_,16.22µm
monitor_out[5],16.2µm
dsp.u_mac.acc_reg\[21\],16.18µm
_1161_,16.14µm
_0283_,16.12µm
_1806_,16.12µm
_1766_,16.1µm
_2831_,16.1µm
_1266_,16.08µm
_1969_,16.08µm
_0265_,16.06µm
_0298_,16.06µm
_0896_,16.02µm
_1254_,16.02µm
_1255_,16.02µm
_1417_,16.02µm
_3050_,16.02µm
_0955_,15.98µm
_1930_,15.98µm
_2080_,15.98µm
_2192_,15.98µm
_1217_,15.94µm
_1033_,15.92µm
net326,15.92µm
_2711_,15.885µm
_2877_,15.88µm
_0824_,15.86µm
_0835_,15.84µm
_2237_,15.8µm
_2531_,15.8µm
_2871_,15.78µm
_1849_,15.76µm
_1964_,15.74µm
_0863_,15.72µm
_1182_,15.72µm
_2272_,15.72µm
_2652_,15.72µm
_2738_,15.72µm
_1867_,15.7µm
_2854_,15.7µm
_1234_,15.68µm
_2529_,15.68µm
_2592_,15.68µm
_0438_,15.66µm
_1387_,15.64µm
_1716_,15.64µm
_0410_,15.62µm
_1441_,15.62µm
_1270_,15.575µm
_0147_,15.56µm
_0349_,15.56µm
_2146_,15.56µm
_2056_,15.54µm
_2435_,15.52µm
_0788_,15.48µm
_1472_,15.48µm
monitor_out[29],15.48µm
_2011_,15.46µm
_2534_,15.44µm
_2750_,15.42µm
_3009_,15.415µm
_2172_,15.41µm
_0537_,15.38µm
_0667_,15.38µm
_1328_,15.38µm
_0462_,15.36µm
_1228_,15.35µm
_1765_,15.34µm
_0556_,15.32µm
_2804_,15.32µm
_0890_,15.3µm
core.inst_addr_out\[10\],15.3µm
_1901_,15.28µm
_0198_,15.26µm
_0221_,15.26µm
_1321_,15.26µm
_1676_,15.26µm
_0975_,15.24µm
_1610_,15.24µm
_0842_,15.22µm
_1059_,15.22µm
_1933_,15.22µm
core.inst_addr_out\[14\],15.22µm
_0838_,15.18µm
_1365_,15.18µm
_0217_,15.14µm
_0977_,15.14µm
_2417_,15.14µm
_0432_,15.12µm
_0098_,15.1µm
_1276_,15.1µm
_1055_,15.04µm
_1188_,15.02µm
dsp.u_mac.acc_reg\[13\],15.02µm
_1931_,15µm
_2070_,14.98µm
_0306_,14.97µm
_0627_,14.96µm
_1976_,14.96µm
_1717_,14.94µm
dsp.u_mac.acc_reg\[20\],14.94µm
_2384_,14.925µm
_1454_,14.9µm
_1260_,14.88µm
_1859_,14.88µm
_0374_,14.86µm
_2757_,14.84µm
_2737_,14.83µm
dsp.u_mac.acc_reg\[28\],14.82µm
_1437_,14.8µm
net315,14.78µm
_0563_,14.76µm
_1221_,14.76µm
_1341_,14.76µm
_1665_,14.76µm
_0764_,14.74µm
_2412_,14.72µm
_0966_,14.7µm
_2136_,14.7µm
dsp.u_mac.acc_reg\[8\],14.68µm
_3034_,14.66µm
_1446_,14.62µm
_1597_,14.61µm
net17,14.58µm
_0577_,14.56µm
_0852_,14.56µm
_1013_,14.56µm
_1747_,14.56µm
monitor_out[28],14.56µm
_2823_,14.54µm
_2904_,14.54µm
_0211_,14.52µm
_1886_,14.5µm
_0991_,14.48µm
_1177_,14.48µm
_1445_,14.48µm
_1697_,14.48µm
_1786_,14.48µm
dsp.u_mac.acc_reg\[5\],14.48µm
_2289_,14.46µm
_0319_,14.42µm
_0370_,14.42µm
_0376_,14.42µm
core.u_regfile.registers\[1\]\[20\],14.4µm
_0158_,14.38µm
_0608_,14.38µm
_1999_,14.38µm
_2571_,14.38µm
_0321_,14.365µm
_1971_,14.36µm
_1768_,14.34µm
_2415_,14.33µm
_2350_,14.32µm
_2916_,14.32µm
_0638_,14.3µm
_1139_,14.3µm
_1644_,14.28µm
_0455_,14.26µm
core.dsp_result_in\[16\],14.26µm
_1895_,14.25µm
_0227_,14.24µm
_1109_,14.18µm
_1571_,14.18µm
_2997_,14.18µm
_1252_,14.14µm
_2030_,14.12µm
_0178_,14.105µm
_1662_,14.1µm
_2424_,14.1µm
_0612_,14.08µm
_0721_,14.08µm
_2946_,14.08µm
_2908_,14.055µm
_2563_,14.04µm
_1422_,14.02µm
_2570_,14.02µm
_1451_,14µm
_2253_,14µm
core.dsp_result_in\[0\],14µm
core.inst_addr_out\[6\],14µm
_0487_,13.96µm
core.inst_addr_out\[15\],13.96µm
_2758_,13.94µm
_0979_,13.92µm
_1056_,13.92µm
_2818_,13.92µm
_2867_,13.92µm
_1556_,13.9µm
_1553_,13.885µm
_0670_,13.88µm
_2537_,13.88µm
_3018_,13.88µm
_1237_,13.875µm
_2076_,13.86µm
_0712_,13.84µm
_1467_,13.84µm
_0448_,13.82µm
_0652_,13.8µm
_0368_,13.78µm
_0987_,13.72µm
_1265_,13.72µm
_1572_,13.72µm
_1672_,13.72µm
_2014_,13.72µm
_2182_,13.72µm
monitor_out[24],13.72µm
_1345_,13.7µm
_1824_,13.7µm
_0163_,13.68µm
_2471_,13.68µm
_0713_,13.66µm
_2708_,13.66µm
_2477_,13.64µm
_2566_,13.64µm
dsp.u_mac.acc_reg\[15\],13.64µm
_1524_,13.62µm
_0075_,13.58µm
_1817_,13.58µm
_1320_,13.56µm
_0327_,13.52µm
_0947_,13.5µm
_3022_,13.5µm
_1085_,13.48µm
_1304_,13.48µm
_0710_,13.46µm
_1088_,13.46µm
_0394_,13.44µm
_2809_,13.42µm
_0494_,13.4µm
_1002_,13.4µm
_0411_,13.38µm
_1144_,13.38µm
_1788_,13.38µm
_2960_,13.38µm
core.inst_addr_out\[8\],13.38µm
_0193_,13.36µm
_0339_,13.34µm
_1476_,13.34µm
_0734_,13.33µm
_2807_,13.305µm
_0876_,13.3µm
_1796_,13.3µm
_2455_,13.3µm
_2676_,13.3µm
monitor_out[27],13.3µm
_1625_,13.28µm
_1134_,13.26µm
_1302_,13.26µm
_1828_,13.26µm
core.inst_addr_out\[9\],13.26µm
_1066_,13.24µm
_0430_,13.23µm
_0463_,13.22µm
_2427_,13.22µm
_2897_,13.22µm
dsp.u_mac.acc_reg\[19\],13.22µm
_0595_,13.2µm
_1730_,13.18µm
_1776_,13.16µm
_0662_,13.13µm
_2036_,13.12µm
_2155_,13.12µm
_2169_,13.12µm
_0866_,13.1µm
_1621_,13.1µm
_1725_,13.1µm
_2844_,13.1µm
_0615_,13.08µm
_2077_,13.08µm
_2352_,13.08µm
_1384_,13.06µm
_1712_,13.06µm
dsp.u_mac.acc_reg\[1\],13.06µm
_0687_,13.05µm
_1330_,13.04µm
_1671_,13.04µm
_2165_,13.04µm
net358,13.04µm
_0913_,13.02µm
_1215_,13.02µm
_1660_,13.02µm
_1629_,13µm
_1651_,13µm
_1181_,12.99µm
_1641_,12.99µm
_1319_,12.96µm
_1640_,12.96µm
_2468_,12.96µm
_3053_,12.96µm
_0440_,12.94µm
_0886_,12.94µm
core.inst_addr_out\[19\],12.94µm
_1416_,12.92µm
_1626_,12.92µm
_2533_,12.92µm
_0789_,12.905µm
_1131_,12.9µm
_1646_,12.88µm
_2657_,12.88µm
_0637_,12.875µm
_0407_,12.84µm
_1329_,12.84µm
_1487_,12.83µm
_0352_,12.82µm
_1517_,12.8µm
_2568_,12.8µm
core.inst_addr_out\[5\],12.8µm
_1236_,12.78µm
_1401_,12.78µm
_1590_,12.76µm
_1689_,12.73µm
_0237_,12.72µm
_1193_,12.72µm
_0761_,12.7µm
_1899_,12.7µm
_0695_,12.68µm
_0783_,12.68µm
_0458_,12.66µm
_1089_,12.66µm
_0711_,12.64µm
_1130_,12.64µm
_2119_,12.64µm
_2794_,12.64µm
core.inst_addr_out\[4\],12.64µm
_2114_,12.6µm
_2998_,12.6µm
_0799_,12.58µm
_1170_,12.58µm
_2439_,12.58µm
core.inst_addr_out\[11\],12.58µm
net260,12.58µm
net323,12.58µm
_0698_,12.56µm
_2194_,12.56µm
_2423_,12.56µm
_0867_,12.55µm
_0312_,12.54µm
_0846_,12.54µm
_1018_,12.52µm
_2425_,12.52µm
core.dsp_result_in\[11\],12.52µm
core.u_fetch.next_pc\[30\],12.52µm
_0355_,12.5µm
_0434_,12.5µm
_0593_,12.5µm
_1114_,12.5µm
_1282_,12.5µm
_2878_,12.5µm
_0579_,12.46µm
_1428_,12.46µm
_2123_,12.46µm
_2770_,12.46µm
_3026_,12.46µm
_2381_,12.44µm
_2849_,12.44µm
_0836_,12.42µm
_0937_,12.42µm
_0290_,12.41µm
_1569_,12.4µm
_1334_,12.38µm
_1440_,12.38µm
_2094_,12.38µm
_2584_,12.38µm
net325,12.38µm
net330,12.38µm
_0888_,12.34µm
_2450_,12.34µm
_2528_,12.34µm
_0954_,12.32µm
_0172_,12.3µm
_0484_,12.3µm
_1396_,12.3µm
_2333_,12.28µm
_0869_,12.27µm
_1455_,12.26µm
_1921_,12.26µm
_2060_,12.26µm
_2905_,12.26µm
_2971_,12.26µm
monitor_out[31],12.26µm
_0525_,12.25µm
_0336_,12.22µm
_0599_,12.22µm
_0620_,12.22µm
_1630_,12.22µm
_0248_,12.2µm
_2665_,12.2µm
_1957_,12.18µm
_1649_,12.16µm
_1962_,12.16µm
_0475_,12.14µm
_0785_,12.14µm
_1409_,12.14µm
_0134_,12.12µm
_0660_,12.12µm
_1243_,12.12µm
_1808_,12.12µm
_2137_,12.12µm
_3043_,12.12µm
net403,12.12µm
_0822_,12.1µm
_0880_,12.1µm
_1212_,12.1µm
_1815_,12.1µm
_0733_,12.08µm
_0575_,12.06µm
_1102_,12.04µm
_2789_,12.04µm
_0810_,12.02µm
_2043_,12.02µm
_0900_,12µm
_1273_,12µm
_1481_,12µm
_2551_,12µm
_2428_,11.98µm
_0567_,11.965µm
_0928_,11.94µm
_3003_,11.94µm
monitor_out[0],11.94µm
_1974_,11.92µm
_2063_,11.92µm
_2064_,11.92µm
_2408_,11.92µm
_0832_,11.84µm
_0909_,11.84µm
_1473_,11.84µm
_2948_,11.84µm
_0618_,11.82µm
_1998_,11.82µm
_3014_,11.82µm
_0968_,11.8µm
_0255_,11.78µm
_0422_,11.78µm
_1953_,11.78µm
_2486_,11.78µm
_2981_,11.78µm
_0905_,11.77µm
_0304_,11.76µm
_0584_,11.76µm
_2796_,11.76µm
_1790_,11.74µm
_1988_,11.74µm
_0258_,11.72µm
_1126_,11.72µm
_2473_,11.72µm
_0666_,11.7µm
_1388_,11.7µm
_0755_,11.695µm
_0878_,11.68µm
_1604_,11.68µm
_2131_,11.68µm
_2317_,11.68µm
_1594_,11.66µm
_2032_,11.66µm
_2467_,11.66µm
_0651_,11.64µm
_0310_,11.62µm
_2397_,11.62µm
_0986_,11.6µm
_1841_,11.6µm
_0927_,11.59µm
_2522_,11.58µm
net335,11.58µm
_1197_,11.56µm
_2792_,11.545µm
_0887_,11.54µm
_1814_,11.54µm
_0505_,11.53µm
_0067_,11.5µm
_0451_,11.5µm
_0722_,11.5µm
_1495_,11.5µm
_2045_,11.5µm
net339,11.5µm
_2861_,11.48µm
_0149_,11.46µm
_0574_,11.46µm
_2033_,11.46µm
_2433_,11.46µm
_0093_,11.44µm
_0225_,11.425µm
_1802_,11.42µm
_0533_,11.4µm
_1338_,11.4µm
_0275_,11.38µm
_1612_,11.38µm
_0050_,11.36µm
monitor_out[30],11.34µm
_0480_,11.32µm
_1362_,11.32µm
_0191_,11.3µm
_0692_,11.3µm
_0796_,11.3µm
_1311_,11.3µm
_1682_,11.3µm
_1821_,11.3µm
_0688_,11.28µm
_2234_,11.28µm
_0224_,11.22µm
_0680_,11.22µm
_1442_,11.22µm
_3028_,11.22µm
_0371_,11.2µm
_0673_,11.2µm
_0875_,11.2µm
_0952_,11.2µm
_1458_,11.2µm
_0930_,11.185µm
_0469_,11.18µm
_1168_,11.18µm
_1601_,11.18µm
_2709_,11.16µm
_0102_,11.12µm
_2457_,11.12µm
core.u_fetch.next_pc\[27\],11.12µm
_1729_,11.1µm
_2519_,11.1µm
_2521_,11.1µm
_0259_,11.08µm
_0521_,11.08µm
_0549_,11.08µm
_1483_,11.08µm
_1982_,11.08µm
_2171_,11.08µm
_2564_,11.08µm
_0617_,11.06µm
_1230_,11.06µm
_2100_,11.06µm
_2145_,11.06µm
_1735_,11.04µm
_2771_,11.04µm
_2952_,11.04µm
_0780_,11.02µm
_0597_,11µm
_1827_,11µm
_2633_,11µm
_0243_,10.98µm
_1138_,10.98µm
core.dsp_result_in\[20\],10.98µm
monitor_out[4],10.98µm
monitor_out[6],10.98µm
_0288_,10.97µm
_0213_,10.96µm
_0823_,10.96µm
_1727_,10.96µm
_2154_,10.96µm
_0250_,10.92µm
_1503_,10.92µm
_2321_,10.92µm
_0571_,10.88µm
_2976_,10.88µm
_1159_,10.86µm
_1167_,10.86µm
_0303_,10.84µm
_0568_,10.84µm
_0661_,10.84µm
_0998_,10.84µm
_2065_,10.84µm
_2637_,10.84µm
_3024_,10.84µm
_0707_,10.82µm
_1920_,10.82µm
_2704_,10.82µm
core.dsp_valid_out,10.82µm
_2221_,10.78µm
_2335_,10.78µm
_1322_,10.75µm
_1200_,10.74µm
_0444_,10.7µm
_0894_,10.7µm
_2377_,10.7µm
_1935_,10.68µm
_2393_,10.68µm
monitor_out[2],10.68µm
_0706_,10.67µm
core.u_fetch.next_pc\[31\],10.66µm
_1290_,10.64µm
_2505_,10.64µm
core.u_fetch.next_pc\[2\],10.64µm
_2027_,10.63µm
_0550_,10.62µm
_0762_,10.62µm
_0843_,10.62µm
_1096_,10.62µm
_1275_,10.62µm
_1698_,10.6µm
_0701_,10.58µm
_3031_,10.58µm
_0718_,10.54µm
_1374_,10.54µm
_1810_,10.54µm
_2323_,10.54µm
_2489_,10.52µm
_2839_,10.52µm
_2835_,10.505µm
_0159_,10.5µm
_0769_,10.5µm
_0818_,10.5µm
_1086_,10.5µm
_2594_,10.5µm
_2837_,10.5µm
core.inst_addr_out\[22\],10.5µm
_0404_,10.47µm
_0209_,10.46µm
_1306_,10.44µm
_0830_,10.42µm
_0916_,10.42µm
_1112_,10.42µm
_0296_,10.4µm
_0643_,10.4µm
_0820_,10.4µm
_1044_,10.4µm
_1989_,10.4µm
_2634_,10.4µm
_2957_,10.4µm
_0542_,10.38µm
_0815_,10.38µm
_0941_,10.38µm
_1023_,10.37µm
_0337_,10.36µm
_0737_,10.36µm
_0901_,10.36µm
_1027_,10.36µm
_1452_,10.36µm
_2395_,10.36µm
_2727_,10.36µm
_1119_,10.35µm
_0443_,10.34µm
_1820_,10.34µm
_2336_,10.34µm
_2979_,10.34µm
net262,10.34µm
_0330_,10.32µm
_0569_,10.32µm
_0862_,10.32µm
_2273_,10.32µm
_3032_,10.32µm
_2487_,10.31µm
_0758_,10.3µm
_1016_,10.3µm
_1685_,10.3µm
_1923_,10.3µm
_0508_,10.29µm
_0171_,10.28µm
_1104_,10.28µm
_1825_,10.28µm
_1958_,10.28µm
_2460_,10.28µm
_2461_,10.28µm
_2658_,10.28µm
_2863_,10.28µm
dsp.u_mac.acc_reg\[9\],10.28µm
_2492_,10.265µm
_2083_,10.26µm
net341,10.26µm
_2606_,10.24µm
_0677_,10.2µm
_0690_,10.2µm
_0870_,10.2µm
_1093_,10.2µm
_1369_,10.2µm
_1613_,10.2µm
_2220_,10.2µm
_0527_,10.18µm
_2689_,10.18µm
_2815_,10.18µm
_0097_,10.16µm
_0732_,10.16µm
_1122_,10.16µm
_1219_,10.16µm
_1337_,10.16µm
_1544_,10.16µm
_1929_,10.16µm
_2104_,10.16µm
_2509_,10.16µm
_2623_,10.16µm
_3048_,10.16µm
_1407_,10.14µm
_2167_,10.125µm
_1654_,10.12µm
_1574_,10.1µm
_0130_,10.08µm
monitor_out[25],10.08µm
monitor_out[26],10.08µm
_0781_,10.045µm
_0128_,10.04µm
_0493_,10.04µm
_0682_,10.04µm
_1264_,10.04µm
_2376_,10.04µm
_2749_,10.04µm
_2934_,10.04µm
dsp.u_mac.acc_reg\[3\],10.04µm
_2769_,10.035µm
_0287_,10.02µm
_0950_,10.02µm
_0819_,10µm
_1887_,10µm
_2767_,10µm
_1515_,9.995µm
_2225_,9.98µm
net418,9.98µm
_1291_,9.96µm
_0106_,9.94µm
_0295_,9.94µm
_0554_,9.94µm
_1135_,9.94µm
core.dsp_result_in\[6\],9.94µm
_1081_,9.92µm
_1997_,9.9µm
_2698_,9.9µm
_0452_,9.88µm
_0457_,9.865µm
_0074_,9.86µm
_0779_,9.86µm
_1462_,9.86µm
_2391_,9.86µm
_2730_,9.86µm
_2910_,9.86µm
net324,9.86µm
_0328_,9.84µm
_1599_,9.84µm
_3055_,9.84µm
_1832_,9.825µm
_0187_,9.82µm
_0857_,9.82µm
_1251_,9.82µm
_2426_,9.82µm
core.dsp_result_in\[13\],9.82µm
_1082_,9.8µm
_1434_,9.8µm
_2313_,9.8µm
_2886_,9.8µm
_1183_,9.79µm
_0305_,9.78µm
_0529_,9.78µm
_2872_,9.78µm
_0348_,9.76µm
_0590_,9.76µm
monitor_out[3],9.76µm
_0924_,9.74µm
_2512_,9.74µm
_2573_,9.74µm
_2626_,9.74µm
_2632_,9.74µm
_1052_,9.72µm
_1851_,9.72µm
_1994_,9.72µm
_2153_,9.72µm
_2543_,9.72µm
_0138_,9.7µm
_0169_,9.7µm
_0938_,9.7µm
_1226_,9.7µm
_1754_,9.7µm
_1792_,9.7µm
_1925_,9.7µm
_1983_,9.7µm
_2029_,9.7µm
_2103_,9.7µm
_2702_,9.7µm
_2858_,9.7µm
_0635_,9.68µm
_2446_,9.68µm
_2499_,9.68µm
_0231_,9.66µm
_1459_,9.66µm
_2695_,9.64µm
_1186_,9.63µm
_1893_,9.62µm
dsp.u_mac.acc_reg\[7\],9.62µm
_2936_,9.6µm
_0804_,9.59µm
_1797_,9.59µm
_0077_,9.58µm
_0596_,9.58µm
_1714_,9.58µm
_2023_,9.58µm
_2124_,9.58µm
_0800_,9.56µm
_0014_,9.54µm
_1222_,9.54µm
_1655_,9.54µm
core.u_fetch.next_pc\[20\],9.54µm
_0118_,9.52µm
_1525_,9.52µm
_2405_,9.52µm
net391,9.52µm
_0307_,9.5µm
_0850_,9.5µm
_1464_,9.5µm
_2034_,9.5µm
_0069_,9.48µm
_0507_,9.48µm
_0619_,9.48µm
_0902_,9.48µm
_1076_,9.48µm
_1284_,9.48µm
_1793_,9.48µm
_2370_,9.48µm
_0623_,9.47µm
_0470_,9.46µm
_0754_,9.46µm
_2026_,9.46µm
_0465_,9.44µm
_0650_,9.44µm
_2590_,9.44µm
_3039_,9.44µm
_0633_,9.42µm
_2716_,9.42µm
_2116_,9.4µm
_2986_,9.4µm
_0397_,9.39µm
_1469_,9.39µm
_0738_,9.38µm
_2496_,9.38µm
_2984_,9.38µm
_0260_,9.37µm
_0367_,9.36µm
_0545_,9.36µm
_0696_,9.36µm
_1218_,9.36µm
_2098_,9.36µm
_2315_,9.36µm
_2980_,9.36µm
_0727_,9.34µm
core.inst_addr_out\[16\],9.34µm
_0402_,9.32µm
_0491_,9.32µm
_0837_,9.32µm
_1390_,9.32µm
_1567_,9.32µm
_1757_,9.32µm
_2786_,9.32µm
_2964_,9.32µm
_1799_,9.3µm
_2127_,9.3µm
_2940_,9.3µm
_0251_,9.28µm
_0908_,9.28µm
_1787_,9.28µm
_2216_,9.28µm
_2448_,9.28µm
core.u_regfile.registers\[2\]\[6\],9.28µm
_1835_,9.26µm
_3015_,9.26µm
_2687_,9.255µm
_0244_,9.24µm
_0256_,9.24µm
_0361_,9.24µm
_0855_,9.24µm
_0923_,9.24µm
_1229_,9.24µm
_1890_,9.24µm
_1905_,9.24µm
_2005_,9.24µm
_2865_,9.24µm
_0648_,9.2µm
_2003_,9.2µm
_2166_,9.2µm
_2588_,9.2µm
_2994_,9.18µm
_0076_,9.16µm
_0466_,9.16µm
_1163_,9.14µm
_2016_,9.14µm
_2441_,9.14µm
_0132_,9.125µm
_0154_,9.12µm
_0519_,9.12µm
_0956_,9.12µm
_2249_,9.12µm
_0396_,9.08µm
_1105_,9.08µm
_1128_,9.08µm
_2126_,9.08µm
net415,9.06µm
_0168_,9.04µm
_0856_,9.04µm
_1307_,9.04µm
_2087_,9.04µm
_2526_,9.04µm
net264,9.04µm
_0207_,9.02µm
_0323_,9.02µm
_0858_,9.02µm
_1831_,9.02µm
_2130_,9.02µm
_2181_,9.02µm
_2896_,9.02µm
_0672_,8.98µm
_1926_,8.98µm
_2106_,8.98µm
_1609_,8.975µm
_1864_,8.96µm
_2476_,8.96µm
_2578_,8.96µm
monitor_out[1],8.96µm
_0884_,8.94µm
_1015_,8.94µm
_1955_,8.94µm
net269,8.94µm
_0911_,8.93µm
_0441_,8.92µm
_0839_,8.92µm
_1535_,8.92µm
_2502_,8.92µm
_0606_,8.9µm
_0935_,8.9µm
_1637_,8.9µm
_2020_,8.9µm
_2053_,8.9µm
dsp.u_mac.acc_reg\[17\],8.9µm
_0104_,8.88µm
_1902_,8.88µm
_2379_,8.88µm
_1180_,8.87µm
_1204_,8.86µm
_1240_,8.86µm
_2660_,8.86µm
_0190_,8.82µm
_1053_,8.82µm
_1620_,8.82µm
_1947_,8.82µm
_2549_,8.82µm
_1950_,8.8µm
_2051_,8.8µm
_2814_,8.8µm
_1298_,8.78µm
_1551_,8.78µm
net33,8.78µm
_0445_,8.76µm
_0022_,8.74µm
_1967_,8.74µm
_2022_,8.74µm
_1490_,8.705µm
_0272_,8.7µm
_1752_,8.7µm
_1774_,8.7µm
_1843_,8.7µm
_2764_,8.7µm
_2988_,8.7µm
_1017_,8.68µm
_1368_,8.68µm
_0772_,8.67µm
_1037_,8.66µm
_1379_,8.66µm
_1534_,8.66µm
_1695_,8.66µm
_1176_,8.64µm
_2644_,8.64µm
_1866_,8.62µm
_0071_,8.6µm
_0082_,8.6µm
_0881_,8.6µm
_2411_,8.6µm
_2523_,8.6µm
_2901_,8.6µm
net8,8.6µm
_0273_,8.59µm
_1047_,8.59µm
_0115_,8.58µm
_0728_,8.58µm
_0771_,8.58µm
_1749_,8.58µm
_2144_,8.58µm
_2314_,8.58µm
_2684_,8.58µm
_2800_,8.58µm
_2834_,8.58µm
_2864_,8.58µm
_2907_,8.58µm
_0087_,8.56µm
_0530_,8.56µm
_0547_,8.56µm
_0985_,8.56µm
_1038_,8.56µm
_1501_,8.56µm
_1914_,8.56µm
_2306_,8.56µm
_2407_,8.56µm
_2480_,8.56µm
_2723_,8.56µm
_2860_,8.56µm
net280,8.56µm
_0144_,8.54µm
_2575_,8.54µm
_2783_,8.535µm
_0552_,8.52µm
_2263_,8.52µm
core.dsp_result_in\[10\],8.52µm
_1245_,8.51µm
_0561_,8.48µm
_1668_,8.48µm
_2090_,8.48µm
_2402_,8.48µm
_2742_,8.48µm
monitor_out[21],8.47µm
_0510_,8.46µm
_1192_,8.46µm
_1547_,8.46µm
_2084_,8.46µm
_2410_,8.46µm
_2422_,8.46µm
_2430_,8.46µm
_2625_,8.46µm
_2780_,8.46µm
_0338_,8.44µm
_0502_,8.44µm
_0553_,8.44µm
_0565_,8.44µm
_1822_,8.44µm
_2017_,8.44µm
_2346_,8.44µm
_2846_,8.44µm
core.u_regfile.registers\[2\]\[7\],8.44µm
dsp.u_mac.acc_reg\[11\],8.44µm
_1577_,8.42µm
_1966_,8.42µm
_1250_,8.4µm
_2110_,8.4µm
_2560_,8.4µm
_0333_,8.39µm
_1965_,8.38µm
_1394_,8.36µm
_1425_,8.36µm
_1979_,8.36µm
_2149_,8.36µm
_2722_,8.34µm
_2900_,8.34µm
_0544_,8.32µm
_1447_,8.32µm
_1710_,8.32µm
_1777_,8.32µm
_2073_,8.32µm
_0000_,8.28µm
_0589_,8.28µm
_1506_,8.28µm
_0416_,8.26µm
_2630_,8.26µm
_2761_,8.26µm
_0131_,8.24µm
_0246_,8.24µm
_0320_,8.24µm
_0591_,8.24µm
_1062_,8.24µm
_1805_,8.24µm
core.u_regfile.registers\[2\]\[14\],8.24µm
_1742_,8.22µm
_1842_,8.22µm
_2429_,8.22µm
_0654_,8.215µm
_1871_,8.21µm
_2932_,8.205µm
_0702_,8.2µm
_2112_,8.19µm
_2850_,8.18µm
_0315_,8.17µm
_1411_,8.16µm
_1635_,8.16µm
_2855_,8.16µm
_0101_,8.14µm
_0372_,8.14µm
_0454_,8.14µm
_1482_,8.14µm
_2148_,8.14µm
monitor_out[15],8.13µm
monitor_out[17],8.13µm
_0189_,8.12µm
_1358_,8.12µm
_1870_,8.12µm
_2491_,8.12µm
_2681_,8.12µm
_2931_,8.12µm
dsp.u_mac.acc_reg\[4\],8.12µm
_0447_,8.1µm
_0919_,8.1µm
_0953_,8.1µm
_1355_,8.1µm
_1414_,8.1µm
_0406_,8.08µm
_1049_,8.08µm
_1514_,8.08µm
_0120_,8.06µm
_0274_,8.06µm
_2140_,8.06µm
core.dsp_result_in\[1\],8.06µm
_0861_,8.02µm
_1497_,8.02µm
_2785_,8.02µm
_0088_,8µm
_0883_,8µm
_1190_,8µm
_1295_,8µm
_2038_,8µm
_2305_,8µm
_0983_,7.98µm
_1263_,7.98µm
_1389_,7.98µm
_1420_,7.98µm
_1881_,7.98µm
_1961_,7.98µm
_2890_,7.98µm
_3017_,7.98µm
core.dsp_result_in\[17\],7.98µm
net270,7.98µm
_1011_,7.96µm
_2277_,7.96µm
_2614_,7.96µm
_0588_,7.94µm
_2574_,7.94µm
_2587_,7.94µm
_2664_,7.94µm
_0971_,7.92µm
_1060_,7.92µm
_1354_,7.92µm
_0092_,7.9µm
_0912_,7.9µm
_1361_,7.9µm
_2517_,7.9µm
_1120_,7.89µm
_0229_,7.88µm
_0602_,7.88µm
_1937_,7.88µm
_2917_,7.88µm
_0068_,7.86µm
_0414_,7.86µm
_2121_,7.86µm
_2773_,7.86µm
_0801_,7.855µm
_1152_,7.84µm
_0018_,7.82µm
_2431_,7.79µm
monitor_out[23],7.79µm
_0233_,7.785µm
_1941_,7.785µm
_0464_,7.78µm
_0482_,7.78µm
_0860_,7.78µm
_0899_,7.78µm
_1479_,7.78µm
_1708_,7.78µm
_1861_,7.78µm
_1992_,7.78µm
_2006_,7.78µm
_2041_,7.78µm
_2404_,7.78µm
_2494_,7.78µm
_2682_,7.78µm
_2697_,7.78µm
_3058_,7.78µm
net29,7.78µm
_1833_,7.76µm
core.dsp_result_in\[2\],7.76µm
_0436_,7.75µm
_0095_,7.74µm
_1875_,7.74µm
_1940_,7.74µm
_2024_,7.74µm
_2359_,7.74µm
_3052_,7.74µm
_1845_,7.69µm
_0693_,7.68µm
_0874_,7.68µm
_1335_,7.68µm
_1996_,7.68µm
_2211_,7.68µm
_2345_,7.68µm
_2760_,7.68µm
net404,7.68µm
_1532_,7.67µm
_1704_,7.67µm
_0170_,7.66µm
_0609_,7.66µm
_0724_,7.66µm
_1381_,7.66µm
_1812_,7.66µm
_0392_,7.64µm
_0697_,7.64µm
_0791_,7.64µm
_1410_,7.64µm
_2398_,7.64µm
net278,7.64µm
core.dsp_result_in\[18\],7.62µm
_2217_,7.6µm
_2869_,7.6µm
_2870_,7.6µm
net5,7.6µm
net28,7.58µm
net265,7.58µm
_0034_,7.56µm
_0079_,7.56µm
_0488_,7.56µm
_0703_,7.56µm
_2732_,7.56µm
_2776_,7.56µm
_2812_,7.56µm
net387,7.56µm
_0353_,7.55µm
_0141_,7.54µm
_0188_,7.54µm
_1007_,7.54µm
_1855_,7.54µm
_2977_,7.54µm
_0123_,7.52µm
_0622_,7.52µm
_0642_,7.52µm
_0676_,7.52µm
_1092_,7.52µm
_1474_,7.52µm
_1642_,7.52µm
_2343_,7.52µm
_2612_,7.52µm
_2719_,7.52µm
_2961_,7.52µm
dsp.u_mac.acc_reg\[24\],7.52µm
net26,7.52µm
_0686_,7.5µm
_2200_,7.48µm
_0300_,7.44µm
_0841_,7.44µm
_1094_,7.44µm
_1513_,7.44µm
_1728_,7.44µm
core.dsp_result_in\[4\],7.44µm
core.u_fetch.next_pc\[29\],7.44µm
_0468_,7.42µm
_1071_,7.42µm
_2888_,7.42µm
_1185_,7.4µm
_1343_,7.4µm
_2349_,7.4µm
_1794_,7.34µm
_0254_,7.32µm
_0557_,7.32µm
_0664_,7.32µm
_0782_,7.32µm
_0981_,7.32µm
_0997_,7.32µm
_1371_,7.32µm
_1664_,7.32µm
_2552_,7.32µm
_2791_,7.32µm
_2817_,7.32µm
dsp.u_mac.acc_reg\[30\],7.32µm
_0241_,7.3µm
_2483_,7.3µm
_2541_,7.3µm
_2983_,7.3µm
_0657_,7.28µm
_2382_,7.28µm
_2636_,7.28µm
_2720_,7.28µm
_2915_,7.28µm
_0347_,7.26µm
_1097_,7.26µm
_0539_,7.25µm
_1253_,7.24µm
_2400_,7.24µm
_2686_,7.24µm
_0052_,7.22µm
_0540_,7.22µm
_0914_,7.22µm
_1530_,7.22µm
_1656_,7.22µm
net395,7.22µm
net397,7.22µm
net402,7.22µm
_0358_,7.21µm
_0809_,7.2µm
_1061_,7.2µm
_1149_,7.2µm
_1224_,7.2µm
_1896_,7.2µm
_2042_,7.2µm
_2453_,7.2µm
_0091_,7.18µm
_0276_,7.18µm
_1247_,7.18µm
_1783_,7.18µm
_1874_,7.18µm
_2569_,7.18µm
_2725_,7.18µm
_0375_,7.16µm
_0311_,7.14µm
net31,7.14µm
net357,7.14µm
_0598_,7.13µm
_1342_,7.12µm
_1383_,7.12µm
_2071_,7.12µm
_0437_,7.115µm
_0061_,7.1µm
_0282_,7.1µm
_0562_,7.1µm
_0773_,7.1µm
_0945_,7.1µm
_1004_,7.1µm
_1246_,7.1µm
_1288_,7.1µm
_1703_,7.1µm
_1772_,7.1µm
_1936_,7.1µm
_2653_,7.1µm
_3061_,7.1µm
core.u_regfile.registers\[1\]\[15\],7.1µm
net398,7.1µm
_0847_,7.08µm
_1077_,7.08µm
_1132_,7.08µm
_1375_,7.08µm
_2525_,7.08µm
_2688_,7.08µm
_1064_,7.075µm
_1068_,7.065µm
_0279_,7.06µm
_0354_,7.06µm
_0389_,7.06µm
_0408_,7.06µm
_0679_,7.06µm
_0922_,7.06µm
_1142_,7.06µm
_1208_,7.06µm
_1280_,7.06µm
_1324_,7.06µm
_1624_,7.06µm
_1763_,7.06µm
_2226_,7.06µm
_2724_,7.06µm
_0723_,7.04µm
_0999_,7.04µm
_2367_,7.04µm
_2388_,7.04µm
_1785_,7.035µm
_1382_,7.03µm
_1575_,7µm
_1995_,7µm
_1203_,6.99µm
_1942_,6.985µm
_0601_,6.98µm
_0725_,6.98µm
_1117_,6.98µm
_1213_,6.98µm
_2583_,6.98µm
net295,6.98µm
_2942_,6.96µm
_0080_,6.94µm
_0100_,6.94µm
_0208_,6.94µm
_1271_,6.94µm
_1840_,6.94µm
dsp.u_mac.acc_reg\[6\],6.94µm
net257,6.94µm
_3036_,6.935µm
_2739_,6.91µm
_1559_,6.88µm
_2503_,6.88µm
_3056_,6.865µm
_0942_,6.86µm
_0980_,6.86µm
_1209_,6.86µm
_2031_,6.86µm
_2117_,6.86µm
_2326_,6.86µm
_2419_,6.86µm
_2508_,6.86µm
_2775_,6.86µm
_2873_,6.86µm
_2884_,6.86µm
_0691_,6.84µm
_1903_,6.82µm
_2059_,6.82µm
dsp.u_mac.acc_reg\[12\],6.82µm
_0046_,6.8µm
_0363_,6.79µm
_0756_,6.78µm
_0906_,6.775µm
monitor_out[11],6.77µm
_0010_,6.76µm
_0904_,6.76µm
_1412_,6.76µm
_2134_,6.76µm
_2138_,6.76µm
core.u_regfile.registers\[2\]\[5\],6.76µm
_0205_,6.74µm
_0234_,6.74µm
_0848_,6.74µm
_1127_,6.74µm
_1453_,6.74µm
_1592_,6.74µm
_1598_,6.74µm
_2943_,6.74µm
_0699_,6.72µm
_0730_,6.72µm
_0736_,6.72µm
_0794_,6.72µm
_0868_,6.72µm
_1398_,6.72µm
_1882_,6.72µm
_1948_,6.72µm
_2275_,6.72µm
_2511_,6.72µm
_2874_,6.72µm
_0165_,6.66µm
_0576_,6.66µm
_1080_,6.66µm
_1137_,6.66µm
_3021_,6.66µm
_0378_,6.64µm
_0684_,6.64µm
_0709_,6.64µm
_0882_,6.64µm
_1496_,6.64µm
_2173_,6.64µm
_2615_,6.64µm
_2700_,6.64µm
_2714_,6.64µm
core.dsp_result_in\[15\],6.64µm
_2642_,6.63µm
_1564_,6.62µm
_2699_,6.615µm
_0216_,6.6µm
_0489_,6.6µm
_0514_,6.6µm
_0559_,6.6µm
_0751_,6.6µm
_1140_,6.6µm
_1173_,6.6µm
_1347_,6.6µm
_1562_,6.6µm
_2069_,6.6µm
_2160_,6.6µm
_2650_,6.6µm
_2706_,6.6µm
core.u_regfile.registers\[2\]\[2\],6.6µm
dsp.u_mac.acc_reg\[14\],6.6µm
net7,6.6µm
net23,6.6µm
net319,6.6µm
_0885_,6.58µm
_1645_,6.555µm
_1692_,6.545µm
_1274_,6.54µm
_0195_,6.52µm
_0325_,6.52µm
_0600_,6.52µm
_0663_,6.52µm
_1095_,6.52µm
_1366_,6.52µm
_1576_,6.52µm
_1701_,6.52µm
_1706_,6.52µm
_1898_,6.52µm
_2240_,6.52µm
_2982_,6.52µm
_0778_,6.5µm
_2891_,6.5µm
_0581_,6.48µm
_0792_,6.48µm
_1393_,6.48µm
_2572_,6.48µm
_2753_,6.48µm
_0496_,6.44µm
net334,6.44µm
monitor_out[16],6.43µm
core.u_fetch.next_pc\[25\],6.42µm
_2464_,6.41µm
_1079_,6.4µm
_2438_,6.4µm
_2463_,6.4µm
_2925_,6.4µm
_2304_,6.36µm
_2768_,6.36µm
_0719_,6.33µm
_1074_,6.33µm
_0155_,6.32µm
_0607_,6.32µm
_1129_,6.32µm
_1432_,6.32µm
_1520_,6.32µm
_1956_,6.32µm
net386,6.32µm
_1009_,6.3µm
_1028_,6.3µm
_1498_,6.3µm
_1560_,6.3µm
_1823_,6.3µm
_1858_,6.3µm
core.u_regfile.registers\[2\]\[21\],6.3µm
_0573_,6.29µm
_0140_,6.285µm
_0228_,6.28µm
_0476_,6.28µm
_0517_,6.28µm
_0720_,6.28µm
_0962_,6.28µm
_0988_,6.28µm
_2975_,6.28µm
_0029_,6.26µm
_0202_,6.26µm
_0204_,6.26µm
_0239_,6.26µm
_0582_,6.26µm
_2088_,6.26µm
_2880_,6.26µm
_0740_,6.21µm
_1194_,6.2µm
_0386_,6.18µm
_0967_,6.18µm
_1687_,6.18µm
_1778_,6.18µm
_2132_,6.18µm
_2655_,6.18µm
_0245_,6.16µm
_0297_,6.16µm
_0373_,6.16µm
_0486_,6.16µm
_2788_,6.16µm
_2826_,6.16µm
_1702_,6.155µm
_0341_,6.145µm
_0162_,6.14µm
_0409_,6.14µm
_0564_,6.14µm
_0634_,6.14µm
_0674_,6.14µm
_0689_,6.14µm
_1429_,6.14µm
_1435_,6.14µm
_1502_,6.14µm
_1611_,6.14µm
_1632_,6.14µm
_1911_,6.14µm
_2341_,6.14µm
_2728_,6.14µm
_2765_,6.14µm
_1477_,6.12µm
_2941_,6.12µm
_2967_,6.08µm
_0081_,6.06µm
_0145_,6.06µm
_0249_,6.06µm
_0933_,6.06µm
_1557_,6.06µm
_2479_,6.06µm
_2843_,6.06µm
_2953_,6.06µm
dsp.u_mac.acc_reg\[16\],6.06µm
dsp.u_mac.acc_reg\[27\],6.06µm
_0108_,6.04µm
_0851_,6.04µm
_0403_,6.02µm
_0708_,6.02µm
_1030_,6.02µm
_1430_,6.02µm
_2772_,6.02µm
_0089_,6.01µm
_1494_,6.01µm
_2640_,5.99µm
_2726_,5.99µm
_1069_,5.98µm
_1834_,5.98µm
_0135_,5.96µm
_0139_,5.96µm
_0644_,5.96µm
_2740_,5.95µm
_0329_,5.945µm
_0084_,5.94µm
_0301_,5.94µm
_0435_,5.94µm
_0604_,5.94µm
_1583_,5.94µm
_1917_,5.94µm
_2559_,5.94µm
_2790_,5.94µm
_2827_,5.94µm
_2974_,5.94µm
_2072_,5.92µm
_2887_,5.92µm
_0206_,5.9µm
_2205_,5.9µm
monitor_out[13],5.87µm
_0152_,5.86µm
_0726_,5.86µm
_0917_,5.86µm
_0501_,5.84µm
_0891_,5.84µm
_1050_,5.84µm
_1191_,5.84µm
_1340_,5.84µm
_1945_,5.84µm
_2035_,5.84µm
_3041_,5.84µm
core.u_fetch.next_pc\[8\],5.84µm
net271,5.84µm
_1951_,5.82µm
_2710_,5.82µm
_2787_,5.82µm
_2918_,5.82µm
_0156_,5.8µm
_0223_,5.8µm
_0412_,5.8µm
_0515_,5.8µm
_0546_,5.8µm
_0739_,5.8µm
_1072_,5.8µm
_1216_,5.8µm
_2107_,5.8µm
_2233_,5.8µm
_2536_,5.8µm
_2671_,5.8µm
_2845_,5.8µm
core.dsp_result_in\[5\],5.8µm
net301,5.8µm
monitor_out[18],5.75µm
_1179_,5.74µm
_3004_,5.74µm
net4,5.74µm
net396,5.74µm
_0196_,5.72µm
_0271_,5.72µm
_0605_,5.72µm
_0715_,5.72µm
_0749_,5.72µm
_1123_,5.72µm
_1331_,5.72µm
_1372_,5.72µm
_1563_,5.72µm
_1762_,5.72µm
_2089_,5.72µm
_2291_,5.72µm
_2680_,5.72µm
_2866_,5.72µm
net300,5.72µm
net385,5.72µm
_0180_,5.7µm
_0479_,5.7µm
_0578_,5.7µm
_0777_,5.7µm
_2647_,5.7µm
_0177_,5.68µm
_0362_,5.68µm
_0784_,5.68µm
_0803_,5.68µm
_1165_,5.68µm
_1403_,5.68µm
_1427_,5.68µm
_1466_,5.68µm
_1691_,5.68µm
_1713_,5.68µm
_1780_,5.68µm
_1791_,5.68µm
_2705_,5.68µm
_2821_,5.68µm
_3016_,5.68µm
net377,5.68µm
_2616_,5.65µm
_1485_,5.63µm
_1231_,5.62µm
_1570_,5.62µm
_2631_,5.62µm
_2694_,5.62µm
_2111_,5.605µm
_0671_,5.6µm
_0790_,5.6µm
_0813_,5.6µm
_1838_,5.6µm
_1928_,5.6µm
_2899_,5.6µm
_2939_,5.6µm
_2992_,5.6µm
net256,5.6µm
_0558_,5.58µm
_0849_,5.58µm
_2099_,5.58µm
_0027_,5.56µm
_0405_,5.56µm
_2292_,5.56µm
_0240_,5.53µm
_0242_,5.52µm
_1090_,5.52µm
_2591_,5.52µm
_2965_,5.52µm
_0232_,5.5µm
_0360_,5.5µm
dsp.u_mac.acc_reg\[26\],5.5µm
_1042_,5.485µm
_0023_,5.48µm
_0853_,5.48µm
_1359_,5.48µm
_1385_,5.48µm
_1539_,5.48µm
_2622_,5.48µm
_2693_,5.48µm
_2862_,5.48µm
_3046_,5.48µm
core.dsp_result_in\[21\],5.48µm
_0704_,5.47µm
_1238_,5.46µm
_0136_,5.44µm
_0485_,5.44µm
monitor_out[12],5.41µm
monitor_out[9],5.41µm
_0210_,5.4µm
_0636_,5.4µm
_1363_,5.4µm
_2009_,5.4µm
_2265_,5.4µm
_0042_,5.38µm
_0526_,5.38µm
_0757_,5.38µm
_1724_,5.38µm
_1854_,5.38µm
_2454_,5.38µm
_0428_,5.365µm
_0109_,5.36µm
_0653_,5.36µm
_0675_,5.36µm
_1688_,5.36µm
_1856_,5.36µm
_1879_,5.36µm
_1987_,5.36µm
_2241_,5.36µm
dsp.u_mac.acc_reg\[2\],5.36µm
_0116_,5.34µm
_0518_,5.34µm
_0611_,5.34µm
_1310_,5.34µm
_1789_,5.34µm
_1906_,5.34µm
_2324_,5.34µm
_2488_,5.34µm
_2619_,5.34µm
net296,5.34µm
_0729_,5.29µm
_0064_,5.28µm
_0090_,5.26µm
_0350_,5.26µm
_0681_,5.26µm
_0731_,5.26µm
_1316_,5.26µm
_1399_,5.26µm
_1519_,5.26µm
_1568_,5.26µm
_1684_,5.26µm
_1912_,5.26µm
_2230_,5.26µm
_2246_,5.26µm
_2567_,5.26µm
_2662_,5.26µm
_2712_,5.26µm
_2830_,5.26µm
_2929_,5.26µm
core.dsp_result_in\[12\],5.26µm
net267,5.26µm
_1680_,5.24µm
_2656_,5.24µm
_2673_,5.24µm
_0086_,5.22µm
_0473_,5.22µm
_0828_,5.22µm
_0865_,5.22µm
_1054_,5.22µm
_1461_,5.22µm
_1468_,5.22µm
_1718_,5.22µm
_1798_,5.22µm
_1938_,5.22µm
_2168_,5.22µm
_2204_,5.22µm
_2586_,5.22µm
core.u_regfile.registers\[2\]\[10\],5.22µm
net25,5.22µm
_0110_,5.14µm
_0332_,5.14µm
_0346_,5.14µm
_1039_,5.14µm
_1739_,5.14µm
_1804_,5.14µm
_1913_,5.14µm
_2015_,5.14µm
_2081_,5.14µm
_2558_,5.14µm
_2752_,5.14µm
_2894_,5.14µm
_3044_,5.14µm
net378,5.14µm
_2882_,5.12µm
_0065_,5.1µm
_0293_,5.1µm
_2912_,5.07µm
_0048_,5.06µm
net390,5.06µm
_0011_,5.04µm
_0383_,5.04µm
_0560_,5.04µm
_1125_,5.04µm
_1211_,5.04µm
_1326_,5.025µm
_0151_,5.02µm
_0603_,5.02µm
_1034_,5.02µm
_2490_,5.02µm
_2498_,5.02µm
_2602_,5.02µm
_2603_,5.02µm
_2741_,5.02µm
_2922_,5.02µm
_3023_,5.02µm
_3060_,5.02µm
_0017_,5µm
_0551_,5µm
_1733_,5µm
_2178_,5µm
_2889_,5µm
_2966_,4.995µm
_0085_,4.95µm
_1133_,4.94µm
_2970_,4.94µm
_3025_,4.94µm
_2762_,4.935µm
_0073_,4.92µm
_0478_,4.92µm
_0807_,4.92µm
_0854_,4.92µm
_1024_,4.92µm
_1195_,4.92µm
_1400_,4.92µm
_1443_,4.92µm
_1603_,4.92µm
_1652_,4.92µm
_2248_,4.92µm
_2436_,4.92µm
_2906_,4.92µm
_2924_,4.92µm
core.u_regfile.registers\[2\]\[13\],4.92µm
_0094_,4.9µm
_0281_,4.9µm
_0516_,4.9µm
_0520_,4.9µm
_1046_,4.9µm
_1244_,4.9µm
_1779_,4.9µm
_2101_,4.9µm
_2159_,4.9µm
_2414_,4.9µm
_2959_,4.9µm
_1492_,4.895µm
_0439_,4.88µm
_0616_,4.88µm
_0665_,4.88µm
_1258_,4.88µm
_1364_,4.88µm
_1433_,4.88µm
_1456_,4.88µm
_1566_,4.88µm
_1873_,4.88µm
_2170_,4.88µm
_2372_,4.88µm
_2474_,4.88µm
_2638_,4.88µm
_2911_,4.88µm
dsp.u_mac.acc_reg\[0\],4.88µm
_1536_,4.82µm
_2195_,4.82µm
_2565_,4.82µm
_2856_,4.82µm
_3047_,4.82µm
_0302_,4.8µm
_0456_,4.8µm
_0613_,4.8µm
_0795_,4.8µm
_0844_,4.8µm
_1154_,4.8µm
_1578_,4.8µm
_1732_,4.8µm
_1734_,4.8µm
_1764_,4.8µm
_2048_,4.8µm
_2527_,4.8µm
_2748_,4.8µm
_2963_,4.8µm
_3049_,4.8µm
_0834_,4.795µm
_2937_,4.785µm
_0793_,4.78µm
_0929_,4.78µm
_0002_,4.76µm
_1106_,4.76µm
_1351_,4.76µm
_1405_,4.76µm
_1415_,4.76µm
_1589_,4.76µm
_1848_,4.76µm
_2269_,4.76µm
_2278_,4.76µm
_2358_,4.76µm
net32,4.76µm
net313,4.76µm
net314,4.76µm
monitor_out[20],4.73µm
_0499_,4.7µm
_1041_,4.7µm
_1507_,4.7µm
_2993_,4.7µm
_0166_,4.68µm
_0324_,4.68µm
_1543_,4.68µm
_1770_,4.68µm
_1775_,4.68µm
_1839_,4.68µm
_2418_,4.68µm
_2456_,4.68µm
_2550_,4.68µm
_2808_,4.68µm
_3011_,4.68µm
_3020_,4.68µm
_1036_,4.655µm
core.u_fetch.next_pc\[28\],4.58µm
_2840_,4.565µm
_1943_,4.56µm
_2472_,4.56µm
_2530_,4.56µm
_2654_,4.56µm
core.u_fetch.next_pc\[14\],4.54µm
net400,4.54µm
_0238_,4.495µm
_2238_,4.49µm
_0614_,4.48µm
_0821_,4.48µm
_1145_,4.48µm
_1413_,4.48µm
_1894_,4.48µm
_2232_,4.48µm
_2281_,4.48µm
_2444_,4.48µm
_2833_,4.48µm
_2935_,4.48µm
net277,4.48µm
_0043_,4.46µm
_0716_,4.46µm
_1091_,4.46µm
_1147_,4.46µm
_1223_,4.46µm
_1287_,4.46µm
_1292_,4.46µm
_1333_,4.46µm
_1521_,4.46µm
_1771_,4.46µm
_1826_,4.46µm
_2105_,4.46µm
_2209_,4.46µm
_2222_,4.46µm
_2898_,4.46µm
core.u_fetch.next_pc\[5\],4.46µm
net329,4.46µm
net414,4.46µm
net416,4.46µm
_0427_,4.44µm
_1741_,4.44µm
_2437_,4.44µm
_1220_,4.42µm
_1386_,4.42µm
_1636_,4.42µm
_1816_,4.42µm
_1963_,4.42µm
_2158_,4.42µm
_2270_,4.42µm
_2318_,4.42µm
_2329_,4.42µm
_2347_,4.42µm
_2354_,4.42µm
_2066_,4.39µm
monitor_out[10],4.39µm
monitor_out[14],4.39µm
monitor_out[19],4.39µm
monitor_out[22],4.39µm
monitor_out[7],4.39µm
monitor_out[8],4.39µm
_2577_,4.37µm
_0083_,4.36µm
_0160_,4.36µm
_0269_,4.36µm
_0776_,4.36µm
_1743_,4.36µm
_2828_,4.36µm
net302,4.36µm
_0179_,4.34µm
_0342_,4.34µm
_0449_,4.34µm
_0659_,4.34µm
_1083_,4.34µm
_1301_,4.34µm
_1376_,4.34µm
_1837_,4.34µm
_2004_,4.34µm
_2365_,4.34µm
_2696_,4.34µm
_3057_,4.34µm
_2903_,4.32µm
_0989_,4.28µm
_1465_,4.27µm
_1868_,4.25µm
_1545_,4.24µm
_1784_,4.24µm
_2893_,4.24µm
_0012_,4.22µm
_0203_,4.22µm
_0610_,4.22µm
_1591_,4.22µm
_1807_,4.22µm
_1853_,4.22µm
_1908_,4.22µm
_1918_,4.22µm
_1944_,4.22µm
_2086_,4.22µm
_2151_,4.22µm
_2231_,4.22µm
net9,4.22µm
_0816_,4.2µm
_1540_,4.2µm
_0364_,4.15µm
_0925_,4.14µm
_1448_,4.14µm
net320,4.14µm
net413,4.14µm
_0056_,4.12µm
_0257_,4.12µm
_1248_,4.12µm
core.u_fetch.next_pc\[16\],4.12µm
_0035_,4.1µm
_0580_,4.1µm
_0705_,4.1µm
_0753_,4.1µm
_2481_,4.1µm
_2701_,4.1µm
_0059_,4.08µm
_2052_,4.08µm
_0299_,4.03µm
_0418_,4.02µm
_0655_,4.02µm
_1100_,4.02µm
_1279_,4.02µm
_1857_,4.02µm
_2049_,4.02µm
_2288_,4.02µm
_2303_,4.02µm
_2777_,4.02µm
_0047_,4µm
_0931_,4µm
_1019_,4µm
_1605_,4µm
_1745_,4µm
_1852_,4µm
_1959_,4µm
_2115_,4µm
_2806_,4µm
net30,4µm
net405,4µm
_0446_,3.98µm
_0700_,3.98µm
_0948_,3.98µm
_1663_,3.98µm
_2025_,3.98µm
_2374_,3.98µm
rst_n,3.93µm
_0230_,3.9µm
_1408_,3.9µm
_0066_,3.88µm
_0280_,3.88µm
_1285_,3.88µm
_1546_,3.88µm
_2085_,3.88µm
_2147_,3.88µm
_2294_,3.88µm
_2507_,3.88µm
_2933_,3.88µm
net272,3.88µm
net276,3.88µm
net408,3.88µm
_2991_,3.86µm
_0877_,3.78µm
_0054_,3.76µm
_0467_,3.76µm
_0765_,3.76µm
_0845_,3.76µm
_0993_,3.76µm
_1314_,3.76µm
_1463_,3.76µm
_2892_,3.76µm
_2978_,3.76µm
core.u_fetch.next_pc\[13\],3.76µm
core.u_fetch.next_pc\[18\],3.76µm
net332,3.76µm
net417,3.76µm
_0859_,3.74µm
_1622_,3.74µm
net340,3.69µm
_1934_,3.68µm
_1970_,3.68µm
_2213_,3.68µm
_2795_,3.68µm
_2919_,3.68µm
net275,3.68µm
net394,3.68µm
_0030_,3.66µm
_0944_,3.66µm
core.u_fetch.next_pc\[26\],3.66µm
_0181_,3.64µm
_0197_,3.64µm
_0343_,3.64µm
_0594_,3.64µm
_1289_,3.64µm
_2763_,3.64µm
net288,3.64µm
_1278_,3.56µm
_1633_,3.56µm
_1869_,3.56µm
_2215_,3.56µm
_2532_,3.56µm
net317,3.56µm
net401,3.56µm
_0055_,3.54µm
_0291_,3.54µm
_0897_,3.54µm
_0978_,3.54µm
_1001_,3.54µm
_1029_,3.54µm
_1078_,3.54µm
_1424_,3.54µm
_1436_,3.54µm
_1721_,3.54µm
_1897_,3.54µm
_2058_,3.54µm
_2259_,3.54µm
_2443_,3.54µm
_2751_,3.54µm
_2755_,3.54µm
core.u_fetch.next_pc\[24\],3.54µm
net11,3.54µm
_0431_,3.52µm
_1045_,3.52µm
_1522_,3.52µm
_2186_,3.52µm
net266,3.45µm
_0433_,3.44µm
_1051_,3.44µm
_1608_,3.44µm
_2717_,3.44µm
net6,3.44µm
net273,3.44µm
_0113_,3.42µm
_0266_,3.42µm
_0413_,3.42µm
_0492_,3.42µm
_0538_,3.42µm
_0632_,3.42µm
_1141_,3.42µm
_1647_,3.42µm
_1885_,3.42µm
_2108_,3.42µm
_2287_,3.42µm
_2442_,3.42µm
_3002_,3.42µm
net399,3.42µm
_2600_,3.41µm
_1225_,3.32µm
_0805_,3.3µm
_1075_,3.3µm
_1888_,3.3µm
_2556_,3.3µm
core.u_fetch.next_pc\[9\],3.3µm
net331,3.3µm
net333,3.3µm
_0161_,3.22µm
_1339_,3.22µm
_2923_,3.22µm
_0001_,3.2µm
_0004_,3.2µm
_0039_,3.2µm
_0345_,3.2µm
_0150_,3.18µm
_0498_,3.18µm
_1153_,3.18µm
_1508_,3.18µm
_1981_,3.18µm
_2355_,3.18µm
_2389_,3.18µm
_2557_,3.18µm
net12,3.18µm
net16,3.18µm
net22,3.18µm
_0481_,3.1µm
_0915_,3.1µm
_1040_,3.1µm
_1184_,3.1µm
_1573_,3.1µm
_1740_,3.1µm
_2113_,3.1µm
_2235_,3.1µm
_2264_,3.1µm
_2478_,3.1µm
_2495_,3.1µm
_3013_,3.1µm
_3042_,3.1µm
_0037_,3.08µm
_0107_,3.08µm
_0381_,3.08µm
_0833_,3.08µm
_0934_,3.08µm
_1205_,3.08µm
_1397_,3.08µm
_1666_,3.08µm
_1677_,3.08µm
_1678_,3.08µm
_1693_,3.08µm
_1726_,3.08µm
_1922_,3.08µm
_2012_,3.08µm
_2187_,3.08µm
_2188_,3.08µm
_2386_,3.08µm
_2409_,3.08µm
_2692_,3.08µm
_2825_,3.08µm
_2859_,3.08µm
net318,3.08µm
net388,3.08µm
_0390_,3.06µm
_0759_,3.06µm
_2202_,3.06µm
_2510_,3.06µm
_2239_,3.05µm
_0817_,2.98µm
_2266_,2.98µm
_0212_,2.96µm
_0548_,2.96µm
_0918_,2.96µm
_1593_,2.96µm
_1618_,2.96µm
_1738_,2.96µm
_2157_,2.96µm
_2218_,2.96µm
_2242_,2.96µm
_2243_,2.96µm
_2251_,2.96µm
_2267_,2.96µm
_2297_,2.96µm
_2618_,2.96µm
_2715_,2.96µm
_2987_,2.96µm
_0006_,2.84µm
_0334_,2.84µm
core.u_fetch.next_pc\[11\],2.84µm
core.u_fetch.next_pc\[15\],2.84µm
_1065_,2.76µm
_1344_,2.76µm
_2555_,2.76µm
_2641_,2.76µm
_2779_,2.76µm
core.u_fetch.next_pc\[10\],2.76µm
_0472_,2.755µm
_0016_,2.74µm
_0057_,2.74µm
_0062_,2.74µm
_1549_,2.74µm
core.u_fetch.next_pc\[3\],2.74µm
_2361_,2.72µm
_0148_,2.64µm
_1189_,2.64µm
_1269_,2.64µm
_1554_,2.64µm
_1707_,2.64µm
_2199_,2.64µm
_2223_,2.64µm
_2462_,2.64µm
_2703_,2.64µm
_2914_,2.64µm
_0143_,2.62µm
_0186_,2.62µm
_0683_,2.62µm
_0748_,2.62µm
_0949_,2.62µm
_0970_,2.62µm
_1283_,2.62µm
_1686_,2.62µm
_2013_,2.62µm
_2164_,2.62µm
_2176_,2.62µm
_2189_,2.62µm
_2196_,2.62µm
_2198_,2.62µm
_2227_,2.62µm
_2247_,2.62µm
_2322_,2.62µm
_2327_,2.62µm
_2357_,2.62µm
_2847_,2.62µm
core.u_fetch.next_pc\[19\],2.62µm
dsp.u_mac.acc_reg\[18\],2.62µm
_0114_,2.525µm
_0357_,2.52µm
_1087_,2.52µm
_1356_,2.52µm
_1760_,2.52µm
core.u_fetch.next_pc\[12\],2.52µm
core.u_fetch.next_pc\[6\],2.52µm
net14,2.52µm
net15,2.52µm
net383,2.52µm
_0033_,2.5µm
_0105_,2.5µm
_0631_,2.5µm
_0766_,2.5µm
_0910_,2.5µm
_0936_,2.5µm
_1012_,2.5µm
_1070_,2.5µm
_1162_,2.5µm
_1561_,2.5µm
_1753_,2.5µm
_2193_,2.5µm
_2203_,2.5µm
_2212_,2.5µm
_2214_,2.5µm
_2252_,2.5µm
_2255_,2.5µm
_2279_,2.5µm
_2675_,2.5µm
_2857_,2.5µm
net392,2.5µm
_2801_,2.4µm
_2816_,2.4µm
_1470_,2.38µm
_1634_,2.38µm
_2842_,2.38µm
_0051_,2.305µm
_0063_,2.3µm
_0647_,2.3µm
_1317_,2.3µm
_1696_,2.3µm
_1700_,2.3µm
_2276_,2.3µm
core.u_fetch.next_pc\[21\],2.3µm
core.u_fetch.next_pc\[22\],2.3µm
net389,2.3µm
net393,2.3µm
net407,2.3µm
core.u_fetch.next_pc\[7\],2.28µm
_0032_,2.18µm
_0182_,2.18µm
_0426_,2.18µm
_0763_,2.18µm
_0770_,2.18µm
_0903_,2.18µm
_1005_,2.18µm
_1207_,2.18µm
_2082_,2.18µm
_2102_,2.18µm
_2142_,2.18µm
_2201_,2.18µm
_2219_,2.18µm
_2245_,2.18µm
_2296_,2.18µm
_2497_,2.18µm
_2585_,2.18µm
_2624_,2.18µm
_2635_,2.18µm
_2743_,2.18µm
_2810_,2.18µm
_2813_,2.18µm
_2990_,2.18µm
_0008_,2.16µm
_0122_,2.16µm
_0184_,2.16µm
_0308_,2.16µm
_0340_,2.16µm
_0566_,2.16µm
_0570_,2.16µm
_0641_,2.16µm
_0940_,2.16µm
_0958_,2.16µm
_0976_,2.16µm
_1103_,2.16µm
_1116_,2.16µm
_1196_,2.16µm
_1257_,2.16µm
_1272_,2.16µm
_1286_,2.16µm
_1296_,2.16µm
_1523_,2.16µm
_1600_,2.16µm
_1756_,2.16µm
_1767_,2.16µm
_2021_,2.16µm
_2057_,2.16µm
_2262_,2.16µm
_2299_,2.16µm
_2302_,2.16µm
_2677_,2.16µm
_2678_,2.16µm
_2746_,2.16µm
_3051_,2.16µm
core.u_fetch.next_pc\[4\],2.16µm
net10,2.16µm
_1214_,2.06µm
_1619_,2.06µm
_1900_,2.06µm
_2143_,2.06µm
_2229_,2.06µm
_2244_,2.06µm
_2274_,2.06µm
_2434_,2.06µm
_0388_,2.04µm
_0393_,2.04µm
_0461_,2.04µm
_0523_,2.04µm
_0808_,2.04µm
_0840_,2.04µm
_1014_,2.04µm
_1323_,2.04µm
_1367_,2.04µm
_1579_,2.04µm
_1659_,2.04µm
_1862_,2.04µm
_2047_,2.04µm
_2190_,2.04µm
_2283_,2.04µm
_2501_,2.04µm
_2944_,2.04µm
net261,2.04µm
net259,1.93µm
_0044_,1.845µm
_0003_,1.84µm
_0015_,1.84µm
_0020_,1.84µm
_0021_,1.84µm
_0026_,1.84µm
_0028_,1.84µm
_0036_,1.84µm
_0038_,1.84µm
_0045_,1.84µm
_0049_,1.84µm
_0053_,1.84µm
_0060_,1.84µm
_1748_,1.84µm
_2150_,1.84µm
_2285_,1.84µm
_2360_,1.84µm
_2599_,1.84µm
net406,1.84µm
_0019_,1.82µm
_0040_,1.82µm
_0041_,1.82µm
_0236_,1.82µm
_0385_,1.82µm
_3054_,1.82µm
core.u_fetch.next_pc\[17\],1.82µm
net379,1.82µm
_2286_,1.78µm
_0798_,1.72µm
_1008_,1.72µm
_1110_,1.72µm
_1558_,1.72µm
_2040_,1.72µm
_2310_,1.72µm
net263,1.72µm
net412,1.72µm
_0009_,1.7µm
_0013_,1.7µm
_0025_,1.7µm
_0070_,1.7µm
_0111_,1.7µm
_0129_,1.7µm
_0137_,1.7µm
_0379_,1.7µm
_0483_,1.7µm
_0504_,1.7µm
_0583_,1.7µm
_0658_,1.7µm
_1199_,1.7µm
_1596_,1.7µm
_1638_,1.7µm
_1907_,1.7µm
_2010_,1.7µm
_2018_,1.7µm
_2078_,1.7µm
_2197_,1.7µm
_2206_,1.7µm
_2353_,1.7µm
_2485_,1.7µm
_2621_,1.7µm
_2759_,1.7µm
_2838_,1.7µm
_2851_,1.7µm
_2955_,1.7µm
_2969_,1.7µm
_2995_,1.7µm
_3019_,1.7µm
net3,1.7µm
net274,1.7µm
net316,1.7µm
net268,1.605µm
net258,1.6µm
_0326_,1.48µm
_2745_,1.48µm
_2938_,1.48µm
_0825_,1.38µm
_0995_,1.38µm
_1113_,1.38µm
_1267_,1.38µm
_1505_,1.38µm
_1681_,1.38µm
_2293_,1.38µm
_2470_,1.38µm
_2829_,1.38µm
_3000_,1.38µm
_3030_,1.38µm
net336,1.38µm
_0005_,1.36µm
_0007_,1.36µm
_0024_,1.36µm
_0031_,1.36µm
_0058_,1.36µm
core.u_fetch.next_pc\[23\],1.36µm
_2109_,1.26µm
_2268_,1.26µm
_2280_,1.26µm
_2319_,1.26µm
_2320_,1.26µm
_2331_,1.26µm
_2707_,1.26µm
core.u_regfile.registers\[2\]\[18\],1.26µm
net289,1.26µm
_0175_,1.14µm
_0369_,1.14µm
_0543_,1.14µm
_0812_,1.14µm
_2179_,1.14µm
_2733_,1.1µm
_2604_,1.02µm
_0099_,0.92µm
_0524_,0.92µm
_1709_,0.92µm
_1952_,0.92µm
_2044_,0.92µm
_2054_,0.92µm
_2308_,0.92µm
_2316_,0.92µm
_2344_,0.92µm
_2416_,0.92µm
_2459_,0.92µm
_2493_,0.92µm
_2589_,0.92µm
_2605_,0.92µm
_2646_,0.92µm
_2683_,0.92µm
_2721_,0.92µm
_2754_,0.92µm
_2902_,0.92µm
_2962_,0.92µm
net409,0.92µm
core.u_regfile.registers\[2\]\[20\],0.8µm
_0587_,0.46µm
_1241_,0.46µm
_1308_,0.46µm
_1373_,0.46µm
_1516_,0.46µm
_1533_,0.46µm
_1844_,0.46µm
_1909_,0.46µm
_2135_,0.46µm
_2413_,0.46µm
_2798_,0.46µm
net410,0.46µm
net411,0.46µm
